High,Low,Mid,Last,Bid,Ask,Volume
322.9,313.81,315.13,315.03,315.06,315.2,7523.671787
316.74,313.28,315.185,315.2,315.17,315.2,3784.155803
316.01,286.49,288.015,287.8,287.81,288.22,38745.72502
290.78,255.03,260.675,260.62,260.61,260.74,87644.26826
279.5,258.06,278.985,279.5,278.08,279.89,46559.16341
291.94,270.99,287.82,287.61,287.66,287.98,41842.27626
299.42,282.01,284.145,284.16,284.13,284.16,31717.3912
297.32,280.4,290.015,290.01,290.01,290.02,29027.70815
292.99,275,278.2,278.45,277.95,278.45,25770.22391
282.86,265.83,268.305,268.41,268.21,268.4,22424.27958
274.44,266.24,269.225,269.08,269.09,269.36,19658.31247
271.85,219,223.075,222.53,222.69,223.46,143627.5416
229.99,166.45,177.98,178,177.96,178,269676.7632
230.74,174.82,209.405,209.51,209.31,209.5,188920.2231
223.1,197.72,208.83,208.97,208.72,208.94,79136.7598
214,192.2,199.555,199.85,199.55,199.56,53482.2961
222,194,211.29,211.45,211.13,211.45,65773.85946
219.95,207,218.16,218,218.03,218.29,31061.65646
219.25,203.7,212.555,212.5,212.51,212.6,53722.60776
230,211,225.725,225.97,225.5,225.95,55463.09982
242,225.29,232.55,232.5,232.51,232.59,59635.33696
236.98,225.13,231.505,231.4,231.4,231.61,40146.81751
248.5,229.03,247.845,247.98,247.73,247.96,38232.69105
259.39,245,253.71,253.9,253.54,253.88,52690.60291
315,252.04,274.145,274.11,274.11,274.18,207546.8671
280.37,250,264.61,264.47,264.47,264.75,82682.09363
269.97,226.35,236.36,236.22,236.23,236.49,83264.98987
239.33,220,231.445,231.48,231.41,231.48,64235.70029
243.89,224.22,228.825,228.68,228.68,228.97,50043.28151
234.03,221.21,221.49,221.5,221.48,221.5,39796.49643
233.32,211.02,227.27,227.43,227.21,227.33,65814.24905
245,222.5,240.92,240.86,240.86,240.98,41675.03119
248.42,222.66,229.71,229.7,229.7,229.72,91342.75905
233,220.23,226.22,226.39,226.04,226.4,45257.84638
228.8,210.12,217.185,217.2,217.18,217.19,38128.27726
225.88,215,223.37,223.4,223.35,223.39,34438.69353
239.78,221.12,228.915,229.02,228.81,229.02,36927.41058
232.9,221.1,224.27,224.39,224.17,224.37,26265.92127
225.98,215.33,220.02,219.88,219.91,220.13,47421.97211
223.88,214,221.375,221.46,221.35,221.4,29603.42656
224.4,218.1,218.905,219.16,218.66,219.15,18995.54485
223.17,217.8,223.035,223.01,223.01,223.06,19780.54721
242.5,221.46,236.27,236.5,236.12,236.42,68011.11598
261.3,235.33,258.99,258.9,258.9,259.08,77185.34677
268.54,228.2,233.95,234,233.9,234,106533.3174
243.65,228.62,236.77,236.88,236.66,236.88,46364.52948
246.28,231.5,242.585,242.31,242.32,242.85,42167.85817
244.99,231.01,234.675,234.82,234.53,234.82,38814.12069
243.42,234.12,241.315,241.32,241.31,241.32,22729.8421
248.98,238.95,245.345,245.31,245.31,245.38,33328.74268
247.73,243.28,245.25,245.3,245.2,245.3,16783.80589
247.78,232.1,236.455,236.69,236.23,236.68,33276.91273
241,232.61,239.065,238.72,238.83,239.3,23617.87901
240.99,236.7,239.765,239.79,239.75,239.78,17103.14998
240.83,235.53,237.775,237.88,237.67,237.88,13627.11725
238.34,233.62,237.12,237.03,237.05,237.19,18651.496
262.8,236.64,257.775,257.75,257.75,257.8,67846.57725
258.3,251.25,255.915,255.89,255.89,255.94,19129.16589
266.91,245.65,261.71,261.65,261.65,261.77,45664.40455
276.59,258.98,274.57,274.53,274.54,274.6,62629.49907
294,267.04,282.78,282.86,282.7,282.86,84421.16152
285.99,267,272.74,272.99,272.5,272.98,72173.58798
284.99,262,277.095,277.1,276.9,277.29,67745.52772
279.75,268.8,273.995,274,273.87,274.12,41261.66975
280.76,270.55,276.385,276.33,276.33,276.44,21893.34836
278.68,271.61,274.56,274.55,274.46,274.66,15003.95421
295,274.41,291,290.87,290.81,291.19,60360.74009
303.96,287.91,294.77,294.76,294.76,294.78,68484.03675
298.75,290.8,296.465,296.62,296.31,296.62,26840.49783
298.8,291.04,295.81,295.81,295.8,295.82,26792.9538
296.2,285,287.91,287.91,287.9,287.92,42118.64995
288.28,281.36,283.815,283.8,283.8,283.83,28223.07968
287.8,281.59,287.11,287.12,287.1,287.12,13545.99918
295.2,286.12,291.105,291.19,291.07,291.14,21880.12689
292.9,281.56,284.47,284.12,284.13,284.81,22239.10882
285.5,248,255.985,255.99,255.98,255.99,85533.31256
269.5,246.98,261.98,261.93,261.95,262.01,82668.20874
267,259.36,262.635,262.52,262.54,262.73,16922.7755
263.01,255.1,260.62,260.74,260.51,260.73,15114.86091
269.99,259.74,268.835,269,268.67,269,17019.65459
271.5,262,267.845,267.59,267.79,267.9,23260.60727
268.44,241.39,248.88,249.06,248.71,249.05,63142.65634
250.95,235.7,246.165,246.25,246.14,246.19,55506.72411
255,244.5,249.405,249.18,249.26,249.55,32121.68587
250.45,245.23,248.06,248.08,248.05,248.07,22720.12389
255.96,246.12,253.53,253.45,253.47,253.59,18699.94606
253.01,238.89,242.995,243,242.99,243,31019.87275
250.98,236.24,247.785,247.66,247.66,247.91,32500.58222
248.8,242,246.645,246.72,246.57,246.72,20474.76928
247.89,239.21,246.295,246.32,246.28,246.31,23576.13818
254.94,243,252.01,252.24,251.78,252.24,28017.48458
256.49,250.31,253.695,253.6,253.6,253.79,28646.2672
255.7,250.32,253.425,253.44,253.4,253.45,9922.565629
260,251.55,257.795,257.79,257.79,257.8,20720.66074
262.45,253.4,256.35,256.35,256.28,256.42,23797.99706
257.9,253.01,255.41,255.46,255.4,255.42,10801.01508
255.6,242.72,246.275,246.15,246.17,246.38,39322.64012
246.79,236.5,242.845,242.94,242.78,242.91,22786.56968
243.87,230.75,234.32,234.21,234.2,234.44,36357.69003
240.58,232.92,235.68,235.59,235.6,235.76,18157.60035
238.7,232.38,235.995,236,235.99,236,10911.2676
237.7,220.14,222.26,222.44,222.08,222.44,37963.81584
227.89,216.37,218.195,218.14,218.11,218.28,47996.67907
224.75,217.6,221.475,221.45,221.45,221.5,23368.05237
229.89,221.07,229.77,230,229.54,230,29942.33871
230,219.58,222.495,222.49,222.49,222.5,27951.38187
224.16,219.94,223.325,223.26,223.27,223.38,12359.15172
227,222.1,222.815,222.8,222.75,222.88,17754.63459
227,221.24,223.425,223.55,223.31,223.54,19189.9937
236.5,223.3,233.395,233.49,233.33,233.46,30238.88274
238.99,232,233.41,233.29,233.29,233.53,23806.07115
235.76,233,234.495,234.5,234.49,234.5,8407.348773
237.22,228.7,230.73,230.7,230.7,230.76,23382.29245
232.7,225.35,226.925,226.98,226.87,226.98,13081.36074
227.12,213.92,219.505,219.5,219.5,219.51,40982.57772
232.49,218.24,230.5,230.51,230.49,230.51,30559.50623
231.42,222.16,224.915,224.99,224.88,224.95,21202.67307
227.8,222.66,226.095,226.1,226.09,226.1,12875.89176
240.89,224.63,236.275,236.01,236.26,236.29,40749.5346
239.25,233.56,234.445,234.17,234.26,234.63,16098.33158
235.79,231.26,235.685,235.66,235.66,235.71,11016.3387
243.73,233.75,240.115,240.13,240.11,240.12,18420.55942
243.6,236.98,238.915,238.93,238.9,238.93,24761.56769
239.49,231.05,235.53,235.56,235.5,235.56,25768.86944
236.89,227.26,230.57,230.73,230.54,230.6,20631.40857
239.79,226.42,238.165,238.28,238.13,238.2,55109.49171
249.22,235.66,245.46,245.48,245.42,245.5,31475.00912
249.21,240.1,243.07,243.08,243.01,243.13,19003.72541
245.95,238.79,240.845,240.87,240.7,240.99,12756.28672
245.49,238.5,243.125,243.19,243.06,243.19,15724.08625
244.67,240.86,242.07,242.1,242.04,242.1,13284.90565
245,241,235.49,235.47,235.47,235.51,13424.84177
242.14,232.1,236.585,236.6,236.57,236.6,33270.57732
239,235.8,237.06,237.02,237.02,237.1,9075.62309
237.82,233.88,235.955,236.06,235.95,235.96,7777.24114
238.24,235.6,235.945,235.96,235.91,235.98,4618.534396
237.25,229,232.265,232.17,232.17,232.36,12778.73556
236.76,231.2,232.41,232.42,232.4,232.42,7352.996964
235.24,231.19,233.665,233.73,233.63,233.7,11503.61263
236.5,233.2,235.315,235.21,235.25,235.38,10745.00564
241.82,238.6,239.055,239.11,239.01,239.1,8236.333148
242.98,237.54,241.635,241.47,241.56,241.71,8219.361038
241.64,236.1,237.095,237.15,237.04,237.15,8930.767931
238.5,235.26,237.735,237.86,237.67,237.8,8746.701193
239.3,235,236.21,236.22,236.2,236.22,8792.582811
237.5,235.85,236.865,236.8,236.86,236.87,6244.439828
237.16,235.02,236.57,236.6,236.54,236.6,6907.916313
236.81,228.2,231.515,231.52,231.51,231.52,14577.55807
232.99,229.23,229.535,229.4,229.42,229.65,7299.006995
230.89,219.71,220.48,220.43,220.42,220.54,34820.60556
226,219.71,224.645,224.78,224.52,224.77,18062.1383
227,222.26,225.57,225.6,225.54,225.6,16924.03121
225.77,223.1,223.955,223.99,223.92,223.99,10728.81028
229.23,222.64,225.215,225.22,225.21,225.22,18192.21944
226.37,223.9,224.705,224.73,224.68,224.73,5725.709452
228,222.29,223.36,223.32,223.32,223.4,18091.21375
230.63,223.18,228.57,228.49,228.49,228.65,28761.84754
232.07,227.79,229.96,229.92,229.92,230,16497.17034
230,227.48,228.805,228.85,228.8,228.81,10978.55567
230.7,228.5,229.335,229.48,229.31,229.36,9629.491681
231.34,229.11,229.65,229.6,229.62,229.68,9137.036839
234.3,228.4,233.095,233.03,233.09,233.1,11585.01027
235.44,232.26,233.13,233.09,233.12,233.14,8554.261483
238.16,233.07,236.795,236.82,236.76,236.83,18763.126
254,236,248.095,248.09,248.09,248.1,46242.82883
259.1,246.53,247.875,247.99,247.76,247.99,49034.41794
253.7,243,249.565,249.57,249.56,249.57,29878.59641
252.13,246,246.855,246.84,246.84,246.87,19671.84024
247.36,240,244.685,244.68,244.68,244.69,28837.99603
245.69,241.09,244.12,244.13,244.11,244.13,7741.524842
247.99,242.59,247.465,247.42,247.43,247.5,19360.49333
247.81,242,244.805,244.81,244.8,244.81,10815.30382
244.81,239,240.805,240.8,240.8,240.81,15397.7449
243,239.5,241.505,241.49,241.5,241.51,9435.889871
242.85,240.61,243.11,242.74,243.01,243.21,7260.70196
251,241.64,251.645,251.7,251.59,251.7,17527.90508
252.06,247.25,248.945,248.96,248.94,248.95,16201.79279
257.48,248.57,255.165,255.17,255.16,255.17,33187.34549
269,253.05,263.815,263.81,263.81,263.82,47282.54804
265.37,252.77,259.425,259.42,259.42,259.43,22757.37752
262.61,253,254.46,254.44,254.44,254.48,18003.17388
256.9,252.11,255.385,255.38,255.38,255.39,11937.80372
262.64,253.57,261.43,261.49,261.37,261.49,9101.609208
275.88,258,270.775,270.75,270.75,270.8,44741.40975
278.69,267.33,274.035,273.94,273.96,274.11,56018.03731
274.94,262.61,265.905,265.85,265.87,265.94,25460.28677
274.11,263,266.865,267.14,266.73,267,34996.81932
274,265.87,270.305,270.31,270.3,270.31,24254.8147
296.1,268.58,286.29,286.36,286.22,286.36,85124.40459
299.56,282.7,294.26,294.27,294.22,294.3,42871.59838
316.23,291.81,307.9,307.89,307.89,307.91,59972.30796
312,281.5,293.22,293.3,293.2,293.24,74460.09553
297.25,286,290.105,290.1,290.1,290.11,23460.40452
294.44,286.51,290.925,290.93,290.91,290.94,16246.60895
295,275.21,280.965,280.95,280.95,280.98,57469.27289
281.55,272,279.34,279.54,279.28,279.4,27969.37059
283.33,276.12,277.16,277.21,277.03,277.29,15714.27193
279.18,275.12,275.015,275.01,275.01,275.02,7118.101311
280,273.5,278.205,278.22,278.19,278.22,12460.62715
282.1,278.1,279.265,279.37,279.18,279.35,11037.95157
279.4,274.5,276.445,276.44,276.44,276.45,12195.1153
278.44,275.56,276.225,275.95,276.05,276.4,6985.178331
289.93,275.95,289.35,289.38,289.32,289.38,23782.73402
292.35,286.39,288.015,288.03,288,288.03,11954.22085
294.57,287.92,292.655,292.65,292.65,292.66,9186.608867
298.2,286,297.345,297.34,297.34,297.35,23013.6034
298.93,293.61,295.265,295.15,295.23,295.3,16901.03231
296.61,286.02,291.275,291.28,291.27,291.28,15121.36515
291.28,284.01,287.385,287.38,287.38,287.39,12406.72892
289.85,281,284.77,284.69,284.75,284.79,15255.49573
284.99,276.53,279.455,279.49,279.42,279.49,12360.54265
282.35,276.26,282.205,282.3,282.11,282.3,11100.69955
287.05,279.7,283.98,284.15,283.97,283.99,14828.77706
285.94,281.25,285.915,285.92,285.91,285.92,12271.81726
285.94,281.49,283.14,283.15,283.13,283.15,7705.99439
283.59,278,279.235,279.2,279.22,279.25,10383.88244
281,276.07,279.31,279.26,279.26,279.36,12060.59607
280.32,266,266.715,266.69,266.69,266.74,30666.02311
267.6,260.62,265.55,265.37,265.37,265.73,26615.33173
267.72,262.17,264.8,264.79,264.79,264.81,11232.08336
270.3,264.79,269.765,269.62,269.63,269.9,10780.56489
273.75,265.8,269.9,269.83,269.83,269.97,18225.98361
270,263.33,265.08,265.09,265.07,265.09,13237.53196
268.97,262.13,267.425,267.44,267.41,267.44,13033.04561
267.76,263.23,263.34,263.22,263.22,263.46,7331.452961
264.22,256.5,260.97,261,260.94,261,30139.42628
262.37,257.4,258.14,258.27,258.09,258.19,11453.15918
258.5,246.69,252.89,252.95,252.83,252.95,35064.21753
255.08,162,224.295,224.43,224.25,224.34,127429.2789
237.94,221.49,236.325,236.11,236.11,236.54,29253.15247
236.57,230.52,232.325,232.25,232.31,232.34,13711.5543
234.71,221.77,230.3,230.4,230.1,230.5,20414.41513
232.88,225.58,227.395,227.58,227.19,227.6,12461.2344
229.07,207.62,210.355,210.28,210.25,210.46,48603.88916
228.77,196.6,222.215,222.2,222.21,222.22,72949.21925
232.38,220.1,226.56,226.58,226.54,226.58,24764.82607
229.5,224,227.475,227.47,227.46,227.49,11763.08429
238.9,220.11,234,233.88,233.88,234.12,27045.96298
234.48,227.88,228.635,228.64,228.62,228.65,9575.207913
233.96,225.2,227.88,227.8,227.82,227.94,10241.23508
233.69,225.31,230.785,230.79,230.77,230.8,11169.83303
232.39,226.55,227.42,227.45,227.39,227.45,9362.700077
231.89,226.51,229.505,229.58,229.45,229.56,9368.763852
229.99,226.51,227.08,227.05,227.05,227.11,6625.366792
231.66,226.1,231.41,231.31,231.31,231.51,11307.93172
239.76,230.01,235.885,235.84,235.88,235.89,11105.60405
248.48,235.5,242.125,242.05,242.08,242.17,21503.85284
243,239.03,241.415,241.3,241.29,241.54,6870.814934
247.68,240.22,244.265,244.12,244.12,244.41,16425.48507
245.57,238.38,238.835,238.85,238.83,238.84,13854.69894
241.9,237.01,239.555,239.55,239.55,239.56,11025.62632
242.89,239.01,240.95,240.9,240.91,240.99,7444.205442
241,235.33,236.745,236.74,236.74,236.75,9055.120012
237.8,228.95,230.06,230.04,230.04,230.08,12266.24235
233.9,228.4,232.625,232.51,232.52,232.73,9954.87601
232.93,229.5,230.34,230.22,230.3,230.38,7412.378223
232.12,227.33,228.765,228.78,228.76,228.77,8781.12958
235.71,228.38,233.75,233.81,233.69,233.81,11519.69445
236.26,232.52,234.175,234.32,234.03,234.32,8728.685854
234.32,231.4,232.155,232.09,232.09,232.22,5035.107576
233.38,231.4,232.135,232.13,232.13,232.14,3426.464302
232.97,227,228.185,228.25,228.16,228.21,8267.481588
233.95,224.25,230.345,230.35,230.34,230.35,19243.86392
233,230.03,230.645,230.53,230.53,230.76,6210.117665
236.25,230.07,233.99,234,233.98,234,12870.06445
237.7,232.61,235.435,235.57,235.34,235.53,12468.2725
235.95,233.75,235.175,235.31,235.1,235.25,4907.713893
235.31,233,233.575,233.52,233.52,233.63,2632.650664
241.39,233.35,239.99,239.98,239.98,240,11668.66482
241.5,236.88,237.85,237.9,237.8,237.9,9772.94302
238.78,235.11,237.205,237.08,237.06,237.35,5608.527158
240.09,236.19,238.545,238.45,238.44,238.65,6140.920567
240,237.33,237.655,237.72,237.55,237.76,5194.169006
241.11,237.36,240.03,240.11,240,240.06,6543.857759
240.93,239.29,239.52,239.56,239.48,239.56,2212.463288
241.95,236.24,241.4,241.32,241.27,241.53,10968.63093
249.01,241.13,246.605,246.6,246.6,246.61,16970.9248
248.19,244.2,244.07,244.34,243.85,244.29,7967.967662
245.65,243,243.625,243.52,243.52,243.73,6807.402845
245.45,242.62,244.835,244.83,244.83,244.84,4078.635226
246.41,243.5,245.905,245.92,245.89,245.92,4190.909468
248.73,243.75,247.835,247.84,247.82,247.85,4865.139711
248.68,245.21,246.4,246.31,246.31,246.49,5155.713276
253.43,244,250.205,250.19,250.19,250.22,16300.25399
255.95,249.9,254.35,254.26,254.26,254.44,10337.07263
257.5,253.44,254.605,254.5,254.5,254.71,10311.01138
267.83,254.04,261.415,261.69,261.15,261.68,20648.01636
275.19,258.32,270.845,270.84,270.84,270.85,41142.97757
275,263.3,264.595,264.5,264.5,264.69,19024.57648
268.28,262.35,264.02,264.19,263.84,264.2,10915.17594
273.97,263.51,269.885,269.99,269.88,269.89,14052.22096
272.28,264.1,268.415,268.42,268.4,268.43,10790.39284
279.97,267.3,275.2,275.05,275.07,275.33,27540.76741
280.9,274.77,277.805,277.81,277.8,277.81,15910.4634
282.4,277.75,280.92,280.88,280.85,280.99,10069.49409
295.99,280.8,287.795,287.8,287.78,287.81,41139.35217
290.1,282.25,286.905,286.84,286.84,286.97,19886.73678
298.86,286.43,297.88,298.26,297.58,298.18,24826.21653
307.99,292.29,302.845,302.75,302.81,302.88,36458.40807
321.53,301.5,315.585,315.54,315.51,315.66,49373.52618
336,313.07,324.4,324.81,324.19,324.61,63544.66117
335.87,307.2,313.17,312.76,313,313.34,42769.61256
332.33,313.33,328.305,328.5,328.11,328.5,24967.67075
372.43,326.8,365.64,366.7,365.3,365.98,63824.54426
423.88,361.11,401.68,402.15,401.23,402.13,177914.442
504,366.66,391.995,392.99,391,392.99,256445.1394
449.95,366.66,390.02,390.3,389.64,390.4,176435.9195
396.78,351.2,375.445,375.12,375.12,375.77,112370.1681
392.23,369.1,388.005,388.01,388,388.01,35663.08609
390.33,365.56,374.445,374.5,374.39,374.5,29529.35315
388.99,360,382.62,382.68,382.34,382.9,38183.28209
384.44,327.02,335.43,335.98,335.17,335.69,82997.0503
343.79,300.28,309.3,309.46,309.12,309.48,121721.8482
346.44,306.37,333.71,333.41,333.41,334.01,55509.93272
343.57,326.22,341.85,341.78,341.33,342.37,31928.41681
343.75,329,337.525,337.98,337.07,337.98,18452.15411
338.58,315,320.265,320.26,320.26,320.27,34304.48461
335,315.2,330.295,330.65,329.94,330.65,25797.46964
342.5,329.55,338.115,338.14,338.1,338.13,27720.12043
338.99,327.91,336.28,336.01,336.01,336.55,14797.05223
337.81,325.42,327.845,327.94,327.83,327.86,18232.03137
327.94,309.46,322.12,322.11,322.11,322.13,32218.58584
329.35,318.95,325.43,325.48,325.38,325.48,10330.28611
327.99,320.36,323.5,323.87,323.23,323.77,7344.513097
327.5,320.9,323.5,323.5,323.31,323.69,7348.498533
323.84,315.55,320.245,320.25,320.24,320.25,9477.659468
332.43,316.02,328.435,328.58,328.33,328.54,20690.28781
369.9,328.3,352.915,352.91,352.91,352.92,77554.92771
367,348.18,360.97,361.19,360.86,361.08,38604.90956
362.79,351,355.945,355.99,355.9,355.99,19954.2483
375.31,355.17,375.975,375.97,375.97,375.98,22971.03221
384.99,368.11,378.625,378.51,378.54,378.71,49568.98912
380,353.1,363.425,363.26,363.26,363.59,44829.64861
363.7,346.13,359.52,359.75,359.29,359.75,31064.4574
371.5,352.25,360.525,360.58,360.47,360.58,27819.62256
364.4,354.31,361.925,362.13,361.85,362,14624.31038
391.23,361,392.245,392.49,392.01,392.48,38321.36823
407.57,384.2,397.475,397.24,397.24,397.71,64537.8166
404.24,384.53,397.175,396.82,396.95,397.4,37062.73267
426.59,396.76,417.855,417.96,417.75,417.96,67285.77279
421.82,411.09,416.425,416.69,416.16,416.69,21487.87893
454.94,414.38,451.095,451.1,451.09,451.1,69448.44791
475.04,402.5,433.915,434,433.88,433.95,108988.4826
443.92,415.24,435.255,435,435,435.51,35916.60956
450,427.3,443.295,443,443,443.59,27496.51828
467.29,441.52,464.99,464.76,464.78,465.2,39899.39369
469.99,440,453.98,453.99,453.96,454,68536.76768
466.6,450.1,463.14,463.06,463.06,463.22,26644.00834
467,452,460.62,460.79,460.54,460.7,21470.79027
462.78,431.5,442.745,442.62,442.62,442.87,46264.0433
447.45,424.37,435.605,435.82,435.39,435.82,42647.30948
443.64,433,435.395,435.8,435.02,435.77,18223.25728
445.76,433.01,441.825,442,441.65,442,17401.52637
459.1,440.8,455.895,455.89,455.89,455.9,20283.53402
460,445,456.29,456.2,456.16,456.42,14700.31456
460.05,405.5,415.16,415.3,415.07,415.25,96477.79289
424.89,407,423.91,423.9,423.9,423.92,26883.37479
429,417.01,420.85,420.99,420.71,420.99,25149.65626
433.55,418.01,428.595,428.6,428.59,428.6,21727.34928
434,420,425.14,425.19,425.01,425.27,22768.23697
432.59,412.5,430.475,430.42,430.46,430.49,21666.21328
436.49,426.26,433.91,433.78,433.83,433.99,12922.0802
435.8,430,433.33,433.2,433.2,433.46,6658.092194
433.79,421.73,427.905,427.98,427.76,428.05,18644.76006
435.67,426.2,434.475,434.49,434.47,434.48,13092.85067
434.91,427.91,432.09,431.82,431.96,432.22,11532.98489
432.24,425.03,430.995,430.99,430.99,431,8173.839218
459,427.03,457.23,457.25,457.21,457.25,52167.5207
465,446.55,454.64,454.9,454.35,454.93,34575.90117
456.01,447.07,451.055,451.2,451,451.11,8520.760705
451.51,441.01,447.335,447.34,447.33,447.34,13581.05
452.49,443.42,448.935,448.94,448.93,448.94,15293.45052
450.05,444.31,446.385,446.38,446.38,446.39,11627.99694
446.75,416,431.72,431.53,431.6,431.84,42269.39393
435,426,429.83,429.76,429.69,429.97,13290.04387
429.43,357.02,359.575,359.16,359.16,359.99,123890.2707
392.5,352.5,388.41,388.4,388.4,388.42,74062.16019
393.31,378.76,382.065,382,382,382.13,20716.65696
390,375.01,387.055,387.04,387.01,387.1,19468.02258
388.61,377.41,378.87,378.96,378.79,378.95,17188.59694
428,375.01,419.595,419.7,419.51,419.68,82801.90943
424.57,405,411.005,411.01,411,411.01,29021.24648
411.2,371.25,381.01,381.01,380.96,381.06,62225.91956
394.81,379.85,385.555,385.57,385.55,385.56,21470.9185
407.33,385.1,402.78,402.77,402.76,402.8,23219.92784
402.77,384,390.94,390.96,390.91,390.97,22664.63967
396.99,387,393.71,393.78,393.63,393.79,10140.81467
396.99,389.66,394.81,394.97,394.66,394.96,8538.432036
395.48,375.01,378.185,378.39,378.14,378.23,25024.08114
386,360.03,377.71,377.6,377.6,377.82,62204.81103
380.6,374,376.705,376.56,376.56,376.85,10501.94798
378.9,362.57,365.91,365.52,365.58,366.24,14887.77869
379.27,363.23,371.18,371.42,370.93,371.43,24795.42272
374.8,369.69,372.95,372.9,372.9,373,10443.46214
374,365.65,368.865,368.98,368.74,368.99,13195.1502
393.89,368.65,389.84,389.96,389.8,389.88,37339.91926
393,384.19,386.615,386.54,386.54,386.69,16879.23587
386.54,365,373.73,373.75,373.71,373.75,40202.13385
377.8,369.17,371.975,372.01,371.85,372.1,13056.06239
377,369.01,370.37,370.49,370.31,370.43,16881.20552
377.96,370.04,373.965,373.97,373.96,373.97,9079.988001
387,373.13,381.05,380.9,380.93,381.17,33668.70676
383.23,372.25,377.995,377.99,377.99,378,14521.32802
383.53,377.04,382.885,382.94,382.83,382.94,10146.83585
393,382.55,392.995,392.99,392.99,393,14754.53766
408.66,392.93,408.305,408.3,408.3,408.31,29423.67609
412.5,395.23,400.09,399.9,400.06,400.12,30129.68519
408.77,398.66,407.225,407.27,407.08,407.37,13991.05678
421.9,405.16,414.885,414.88,414.88,414.89,30400.76489
426.21,412.51,421.505,421.5,421.5,421.51,25228.63443
422.54,412,419.78,419.85,419.71,419.85,13268.55625
445.96,419.72,438.89,438.7,438.81,438.97,47477.38201
451.6,428.01,440.485,440.49,440.48,440.49,43012.3641
442.5,433.01,440.335,440.27,440.21,440.46,16337.46644
442.67,416.24,421.355,421.4,421.13,421.58,32431.14308
427.5,409.69,426.37,426.36,426.36,426.38,22426.109
430,419.5,424.87,424.88,424.82,424.92,13595.76031
435.9,419.83,435.42,435.49,435.35,435.49,18860.34189
438.6,431.81,434.11,434.21,434.01,434.21,11580.2742
437.89,422.1,434.465,434.45,434.45,434.48,19852.2711
445,430.51,439.075,439.16,438.99,439.16,20389.28711
442.79,427.26,434.91,434.99,434.83,434.99,19616.22555
436.45,421.11,421.72,422.09,421.35,422.09,16475.43443
424.43,416.4,420.57,420.56,420.56,420.58,20874.0514
423.99,407.5,408.76,408.82,408.7,408.82,21749.41986
410.14,389,397.405,397.36,397.36,397.45,46951.8516
409.5,392.01,403.81,403.91,403.72,403.9,19707.15805
415.8,401.51,412.58,412.62,412.54,412.62,15306.46433
416,406,411.34,411.35,411.33,411.35,10227.45551
414.5,407.47,412.975,413.05,412.9,413.05,9027.753219
418.24,410.68,416.565,416.51,416.49,416.64,13709.08292
423.6,415.5,420.475,420.47,420.46,420.49,15464.77864
421.81,406.38,410.035,410.01,410.02,410.05,17020.42554
416,409.77,412.4,412.4,412.39,412.41,7810.440418
417.99,411.7,414.81,414.69,414.78,414.84,9066.545413
418.82,412.78,416.095,416.09,416.08,416.11,9897.042674
418,413.96,417.395,417.39,417.39,417.4,6947.350061
420.6,416.67,418.55,418.52,418.52,418.58,8465.810225
419.1,403.01,408.215,408.21,408.21,408.22,20692.4941
409.67,404,406.19,406.26,406.14,406.24,7897.389537
413.2,406.06,410.895,410.81,410.81,410.98,6838.12707
412.42,406,411.21,411.44,411,411.42,8009.332242
418.68,409.88,416.8,416.78,416.78,416.82,10077.3534
419.72,415.83,419.07,419.13,419.01,419.13,6885.805199
419.27,414,415.125,415.48,415.12,415.13,8028.666882
417.03,413.03,415.965,416.2,415.84,416.09,3734.499936
419.4,413.2,416.345,416.61,416.27,416.42,4986.031375
431,415.79,425.435,425.46,425.43,425.44,22007.21155
427.99,422.38,424.885,424.77,424.77,425,9347.132219
426.41,406.51,415.885,415.91,415.8,415.97,23314.73399
416.21,408.58,413.98,413.76,413.74,414.22,9056.694999
418.25,413,417.195,417.19,417.19,417.2,7153.327455
417.6,414,416.275,416.27,416.27,416.28,5462.703343
422.8,416.28,420.305,420.3,420.3,420.31,6322.511447
421.82,416,420.91,420.92,420.9,420.92,4059.374734
421.2,416.24,420.61,420.6,420.6,420.62,6012.172664
425,419.61,423.085,423.08,423.07,423.1,6937.540765
424.68,421.69,423.22,423.2,423.19,423.25,6004.783606
423.25,417.78,421.09,421.01,421.02,421.16,7574.262542
424.49,415.5,419.395,419.31,419.31,419.48,9974.095669
419.43,412,417.995,417.99,417.99,418,6324.659037
422.9,417.49,421.115,421.1,421.1,421.13,4047.300967
423.9,418.8,423.215,423.25,423.18,423.25,6582.723737
430,423.01,426.355,426.35,426.35,426.36,14755.72383
427.68,423,424.985,424.99,424.98,424.99,6763.904892
426.49,424.01,425.68,425.83,425.66,425.7,3965.97017
432.49,425.6,430.475,430.47,430.47,430.48,15778.82352
435.67,430.47,431.995,431.99,431.99,432,7741.550172
433.49,426.37,428.485,428.49,428.48,428.49,8634.155296
430.91,426.52,429.345,429.54,429.15,429.54,7004.524313
437.53,428.54,436.175,436,436.02,436.33,9607.542991
446.61,436.02,443.315,443.29,443.29,443.34,23798.55248
454.5,441.92,450.985,450.99,450.98,450.99,18118.35677
453.15,444.51,447.31,447.44,447.2,447.42,12236.83698
454.95,445.67,453.215,453.21,453.21,453.22,9952.802863
464.99,450.18,462.66,462.63,462.62,462.7,23800.23304
471.58,455,466.98,466.87,466.88,467.08,23345.65117
471.99,461.5,467.895,467.82,467.82,467.97,21867.57646
470.17,445.98,447.995,447.99,447.99,448,37495.11675
449.84,435,449.26,449.12,449.13,449.39,27750.29641
457.49,445.8,454.49,454.19,454.19,454.79,13571.4322
455.99,445.01,447.35,447.63,447.07,447.63,10060.9176
452.99,445.01,451.235,451.1,451.1,451.37,4670.924815
452.5,436,444.175,444.27,444.08,444.27,29482.91671
452,440.1,451.38,451.48,451.29,451.47,12210.47034
451.65,445.07,447.15,447,447,447.3,7310.127268
451.68,445.51,448.64,448.59,448.59,448.69,10449.98348
466,448,462.43,462.47,462.38,462.48,26519.84024
463.05,458.3,460.24,460.15,460.16,460.32,8206.394862
461.4,456.04,459.72,459.79,459.65,459.79,6162.47418
465.4,457.8,461.635,461.64,461.63,461.64,15268.35812
465,445.01,450.555,450.56,450.55,450.56,20984.27076
454.68,448.4,451.565,451.62,451.15,451.98,9592.069102
456.75,445.91,454.025,454.02,454.02,454.03,17825.73197
457.5,452,456.36,456.25,456.26,456.46,6983.72951
458.86,454,455.72,455.64,455.64,455.8,4204.664126
460.67,454.31,458.895,458.89,458.89,458.9,5421.314941
458.95,451,454.25,454.18,454.24,454.26,8624.924955
454.91,451,452.785,452.8,452.77,452.8,7816.105167
457,451.53,454.905,454.91,454.9,454.91,6571.489709
454.91,440,442.315,442.44,442.09,442.54,24025.47878
443.14,433,440.36,440.69,440.05,440.67,20320.7568
442.16,435.3,441.065,441.46,440.84,441.29,7141.162468
441.46,435.1,437.835,437.83,437.83,437.84,7317.422339
442.97,436.51,442.135,442.14,442.13,442.14,7408.630103
447.85,442.1,445.9,445.82,445.82,445.98,8490.935445
450.51,442.5,449.115,448.79,449.03,449.2,12467.78427
454.8,446.01,453.605,453.63,453.6,453.61,9471.597522
482.31,452.98,473.605,473.6,473.6,473.61,58905.45399
539.97,471,534.595,534.99,534.2,534.99,69509.08722
570,512.11,521.88,520.83,520.85,522.91,85092.38467
548.5,517.1,535.045,535.02,535.04,535.05,36020.90101
546.5,518,532.305,532.31,532.3,532.31,49479.37332
546.12,523.75,540.315,540.25,540.25,540.38,27156.35641
544,532.37,542.705,542.72,542.7,542.71,17661.15354
579.94,535.65,569.21,569.01,569.03,569.39,48844.74025
593.89,560.1,571.54,571.21,571.19,571.89,39398.69419
586.47,564.64,576.62,576.36,576.49,576.75,28009.81412
588.6,573.93,584.38,584.3,584.3,584.46,27001.84034
592.08,561.3,575.655,575.47,575.64,575.67,36484.68221
585.15,570.62,583.815,584.03,583.64,583.99,18194.65391
584.05,569.97,576.875,576.88,576.87,576.88,21822.19277
582.43,572.5,577.825,577.9,577.75,577.9,16189.80298
595,577.9,593.305,593.31,593.3,593.31,16071.02487
685,592.51,681.745,681.51,681.52,681.97,118827.804
719,656.31,700.155,700.09,700.09,700.22,126621.5888
705.88,656.51,684.145,683.97,684,684.29,65981.71928
699.4,667.89,694.055,694.32,693.87,694.24,34808.66063
779,693.05,775.815,775.82,775.59,776.04,121111.6348
780,702.01,742.75,742.13,742.13,743.37,97693.49207
789.78,720,756.595,756.98,756.21,756.98,68672.78831
775,739,766.335,765.91,766.16,766.51,26957.29846
742.98,635.37,658.43,658.31,658.3,658.56,98081.69123
688.32,594.5,605.04,605,605,605.08,95438.50602
639,555.56,630.945,631.62,630.2,631.69,129266.8528
679.99,624.02,660.375,660.86,659.92,660.83,92952.2246
698,640.11,669.84,671.1,669.51,670.17,56957.46129
671.46,614.33,631.71,631.81,631.62,631.8,44708.87203
655.14,616.07,647.12,647,647,647.24,44142.77435
664.26,631.65,649.02,649.01,649.01,649.03,38803.22966
649.1,621.58,638.435,638,638,638.87,32918.34572
677,635.57,671.985,671.79,671.98,671.99,38860.61033
690.62,667.61,678.78,678.44,678.62,678.94,42862.4185
706,673,701.495,701.41,701.41,701.58,28637.23557
706.98,644.1,663.51,663.49,663.5,663.52,44932.65265
679.8,644.46,676.685,676.8,676.6,676.77,22727.23307
684.44,655.3,667.14,667.09,667.09,667.19,18846.5982
682.9,664.63,676.59,676.48,676.51,676.67,15875.85145
682,610.1,635.65,636.3,635.01,636.29,75099.33683
660.93,633.75,660.165,659.96,659.96,660.37,31347.22035
666.66,620,650.555,650.5,650.5,650.61,48806.87001
652,636.09,648.995,648.99,648.99,649,10390.87934
662.6,643.4,647.825,647.82,647.82,647.83,14064.32022
679.9,645.45,676.95,676.92,676.92,676.98,28187.96426
678,655,663.005,663.02,663,663.01,18343.93855
667.5,649.89,660.73,660.54,660.55,660.91,21349.81798
669.95,658.11,664.255,663.87,663.87,664.64,9396.008627
669.65,659.12,663.385,663.39,663.38,663.39,6147.610321
689.96,663,680.805,680.62,680.8,680.81,19293.52898
686.74,666.02,675.72,675.62,675.6,675.84,18842.34483
676.78,665,676.055,675.97,675.98,676.13,10897.62008
678.59,661,666.295,666.3,666.29,666.3,13166.58267
668,654.97,664.775,664.77,664.77,664.78,10751.2165
668,639.41,645.695,645.7,645.69,645.7,26959.37294
657.13,644.97,654.635,654.51,654.27,655,10993.04073
664.15,650.52,661.325,661.32,661.32,661.33,13994.00897
664.41,646.22,654.525,654.52,654.52,654.53,14136.39579
657.61,640.56,655.025,655.03,655.02,655.03,20104.9722
662.78,646.44,656.005,656.01,656,656.01,14265.43871
659.67,652.52,656.42,655.89,655.9,656.94,8704.764547
660.49,654.54,658.995,658.99,658.99,659,9386.440792
660.46,647.79,654.605,654.61,654.6,654.61,8151.703438
655.17,627,631.025,631.06,631.02,631.03,27430.53867
631.03,605.89,610.905,610.37,610.31,611.5,34265.8876
0,0,586.87,604.1,586.8,586.94,0
0,0,583.455,604.1,573.95,592.96,0
614.5,579,590.89,591.25,590.53,591.25,18187.56118
599.75,584.59,591.64,591.75,591.53,591.75,18233.22486
593.47,584,584.485,584.1,584.48,584.49,6069.813233
590.02,582,583.275,583.26,583.26,583.29,6764.165174
583.75,564,567.645,568.19,567.46,567.83,7517.075636
575.75,562.99,565.825,565.82,565.82,565.83,7614.362047
579,564,576.995,577,576.99,577,6290.061034
578.5,569,571.635,571.63,571.63,571.64,5042.000328
578.75,569.71,572.345,572.32,572.33,572.36,5951.697713
577.25,570.82,574.355,574.35,574.35,574.36,2922.75232
581.75,571.25,581.575,581.74,581.57,581.58,3116.652233
584.27,580,580.815,581.14,580.5,581.13,2731.552332
589.99,580.3,588.29,588.24,588.16,588.42,4585.926785
590.69,581.1,583.87,583.9,583.84,583.9,4857.551242
586.91,580,581.285,581.18,581.21,581.36,5067.278633
581.4,574.01,577.825,577.83,577.82,577.83,3579.209996
579.51,575.06,578.015,578.02,578.01,578.02,1769.3039
578.99,567.23,568.515,568.52,568.51,568.52,2222.498891
574.54,568.18,573.855,573.83,573.83,573.88,1551.990547
578.1,573.01,574.245,574.25,574.24,574.25,2770.186147
580.28,574.07,578.985,579.25,578.98,578.99,3158.138006
579.52,572.02,575.35,574.47,574.88,575.82,3497.971862
577.98,571.43,572.785,572.57,572.78,572.79,3540.432618
580.5,570.61,575.485,575.48,575.48,575.49,4559.567148
615,575.49,606.975,607.06,606.97,606.98,9423.529656
618.65,601.83,613.755,613.76,613.75,613.76,4948.843511
615.68,603.84,614.125,614.12,614.12,614.13,5158.872918
617.53,609.7,613.895,613.98,613.81,613.98,3062.086305
620,610.83,619.425,619.35,619.42,619.43,5221.084753
636.16,615.92,630.105,630.1,630.1,630.11,8270.307617
634.36,621.24,625.505,625.51,625.5,625.51,4649.873699
629.65,624.68,628.75,628.92,628.51,628.99,4053.978863
635,595.36,610.05,609.78,610,610.1,9413.889801
615.21,608.01,611.105,611.1,611.1,611.11,5130.04885
640,610,613.99,613.98,613.98,614,7287.955134
617.38,612.01,613.895,613.89,613.89,613.9,6009.988255
617.93,611,612.505,612.5,612.5,612.51,4216.539663
614.22,609.54,610.175,610.18,610.17,610.18,3862.430964
610.75,604.96,608.29,608.26,608.27,608.31,3561.070843
616.34,607.18,614.075,613.82,613.83,614.32,2827.479752
615.05,608.6,609.84,609.48,609.82,609.86,2904.341221
612.01,607.36,609.09,609.25,609.03,609.15,2690.916616
610.92,591,599.005,599,599,599.01,8460.427721
598.93,595.92,596.435,596.44,596.43,596.44,2421.984202
603.99,595.95,603.985,603.99,603.98,603.99,1917.871042
606,601,603.34,603.66,603.08,603.6,914.8537826
603.99,597.3,600.315,600.31,600.31,600.32,1452.189926
610.1,599.86,608.79,609.09,608.66,608.92,3108.541177
609.91,602.01,603.985,603.98,603.98,603.99,3187.527583
605.77,603.07,604.415,604.47,604.41,604.42,1949.945576
607.96,603.04,605.715,605.74,605.68,605.75,2788.101662
613.27,603.21,611.09,611.09,611.08,611.1,2785.570326
616.87,610.9,614.075,614.09,614.07,614.08,1956.995275
614.21,575,609.91,609.93,609.9,609.92,4952.669686
618,608.91,612.78,612.76,612.72,612.84,3190.424406
614.11,609.63,610.2,610.79,609.98,610.42,4079.345729
617.28,610,614.475,614.46,614.46,614.49,3253.61061
615.9,612.68,614.025,614.04,614.01,614.04,3253.105244
621.71,613,619.885,620.27,619.5,620.27,4693.601484
622.87,617.91,620.62,620.69,620.59,620.65,3261.180401
620.91,614.01,615.48,615.42,615.42,615.54,2747.501202
620,615.54,618.815,618.82,618.81,618.82,2697.573631
646.86,618.06,641.545,641.55,641.54,641.55,12735.63604
645,636.91,638.21,638.33,638.03,638.39,3982.531973
644.29,636.38,637.695,637.76,637.63,637.76,4972.229595
645.4,636.72,641.38,641.41,641.35,641.41,6563.337804
645.69,637.91,639.245,638.94,639.2,639.29,2526.054614
645.8,639.32,644.115,644.12,644.11,644.12,2364.233925
644.56,637.58,639.34,639.07,639.12,639.56,5062.107585
641.98,632.93,639.01,638.99,638.98,639.04,5851.612433
644,627.84,631.53,631.55,631.52,631.54,9208.328818
633.61,628,632.575,632.73,632.57,632.58,3359.438753
639,632,635.71,635.25,635.3,636.12,7223.985595
672.2,635.06,663.225,663.44,663.04,663.41,10009.19895
671.4,656.04,659.295,658.91,658.91,659.68,5773.110456
659.61,654.01,655.005,654.99,654.87,655.14,5740.598704
670,654.1,667.425,667.42,667.42,667.43,3705.777633
685.84,652.6,674.845,674.92,674.77,674.92,13303.66301
690.92,674.66,685.715,685.79,685.64,685.79,12899.18117
695.34,681.08,690.765,690.6,690.76,690.77,9892.939543
724,690.76,719.405,719.81,719.01,719.8,15523.48654
719.89,696.96,701.78,702.3,701.71,701.85,12040.59842
709,687.6,702.05,701.98,701.97,702.13,8824.28173
746.55,701.01,732.915,733,732.71,733.12,22377.1762
737.49,723.59,737.485,737.49,737.48,737.49,8259.777612
754.66,678,680.185,680.19,680.18,680.19,28040.94944
710.9,676,709.005,708.81,708.81,709.2,15808.44653
713.88,700.82,708.105,708.11,708.1,708.11,6117.909684
721.61,700.01,715.46,715.06,715.42,715.5,7044.758532
713.44,700.02,705.32,704.47,704.67,705.97,3807.698008
717.99,703,712.415,711.99,712.38,712.45,9856.719449
743.06,708.5,723.39,723.42,723.37,723.41,15096.98168
725,709.13,714.865,714.87,714.86,714.87,4455.45108
719.37,712.03,716.89,716.61,716.85,716.93,4914.245952
716.99,700.1,703.565,703.57,703.56,703.57,5914.120644
706.47,687.6,703.625,703.61,703.61,703.64,8692.101294
709.91,698.76,707.435,707.43,707.43,707.44,5998.465287
720.05,707.4,711.585,712,711.58,711.59,7937.586432
747.49,710,743.94,743.47,742.9,744.98,17957.35762
763.85,735,740.19,740.67,740.01,740.37,14879.20184
759.89,734.5,753.905,753.97,753.9,753.91,6962.710857
759.99,740,752.23,752.9,752.17,752.29,6044.662876
757,711.16,729.675,729.67,729.67,729.68,13912.62381
740.6,728.08,738.995,738.99,738.99,739,7200.785115
753.91,733.25,750.22,749.85,749.85,750.59,9485.31654
750.91,730.79,741.84,741.99,741.7,741.98,5581.812589
744.32,727.61,737.66,737.61,737.64,737.68,6068.662437
741.12,730,739.785,740.36,739.21,740.36,4062.259137
740.99,720,731.24,731.19,731.19,731.29,4490.186856
736.19,722.5,724.945,724.99,724.9,724.99,3495.406155
734.99,724.99,731.515,731.52,731.51,731.52,4137.680632
734.89,728.68,730.97,731.05,730.86,731.08,5649.696318
743.14,728.98,738.9,739,738.8,739,5529.544111
756,738.8,755.395,755.36,755.37,755.42,13400.2405
779.21,755.15,774.69,774.65,774.65,774.73,13434.31594
774.86,755.98,766.33,767.37,765.64,767.02,5739.337186
769.99,758.82,768.12,768.5,767.74,768.5,4184.885895
769,744.59,750.605,750.85,750.6,750.61,10058.02504
758.5,750.44,756.965,757.27,756.66,757.27,5279.815453
774.92,746.16,765.015,765.01,765.01,765.02,10694.29715
773.2,762.66,765.005,765.01,765,765.01,4751.221514
772.72,765,770.495,770.5,770.49,770.5,3653.033736
777.77,769.99,772.85,772.9,772.8,772.9,3363.305271
773.73,761.84,770.215,770.21,770.21,770.22,4144.94343
785,770.21,777.995,777.99,777.99,778,6758.339762
788.87,762.89,774.995,775,774.99,775,5581.844003
781.16,771.15,774.495,774.49,774.49,774.5,3680.695691
780.12,774.5,777.775,777.43,777.77,777.78,3184.82203
785.06,775.85,784.165,784.17,784.16,784.17,4774.967768
793,782.93,790.985,790.99,790.98,790.99,6201.312143
792.8,784.36,790.2,790.18,790.19,790.21,2433.261158
792.27,787.75,790.585,790.59,790.58,790.59,2151.081346
802.33,787.86,799.2,799.35,799.04,799.36,7009.012996
830.5,794.95,829.415,829.33,829.33,829.5,16203.0868
874,825,859.155,859,859.11,859.2,15262.5244
920,859,917.245,918.99,916.95,917.54,26019.00404
919.99,882.41,895.275,895.24,895.27,895.28,7388.143102
904.55,858.62,898.25,898.42,898.08,898.42,12059.32963
920,894.21,907.62,908.78,907.43,907.81,11814.8195
940,903.51,936.475,936.43,936.47,936.48,9178.735048
983,935.93,981.34,981.7,981.26,981.42,20823.10823
983,945,971.995,972,971.99,972,22590.70557
972,929.5,958.98,959.16,958.76,959.2,19324.27774
968.2,945.01,966.995,966.61,966.62,967.37,7147.774423
1006.5,961.26,998.29,999.24,997.34,999.24,13440.45626
1035,994.1,1019.45,1019.5,1019.3,1019.6,21804.19722
1040,1013.5,1038.5,1038,1038,1039,14128.62571
1150,1036.4,1138.65,1139.6,1138.6,1138.7,53698.69204
1166,850.79,1003.75,1003.4,1003.6,1003.9,91218.60068
1025,871,898.435,898.5,898.3,898.57,57391.66971
911.09,815,908.505,908.1,908.01,909,40623.60471
943.6,890,915.95,915.9,915.9,916,30721.60706
916.7,875,903.005,903.01,903,903.01,16587.32047
918,895.48,906.38,905.75,905.76,907,12138.49291
923.66,760,778.015,779.56,776.74,779.29,62866.22307
831.18,735,804.745,804.99,804.55,804.94,35863.46783
832.39,775.61,827.25,827.22,826.39,828.11,25871.21133
838.54,800.03,817.345,815.85,816.84,817.85,12533.8969
823,805.03,821.07,820.74,820.94,821.2,5379.118236
837.97,813.94,830.05,830.1,830,830.1,7652.416471
910.8,828,903.975,903.99,903.96,903.99,27345.22656
913.85,847.23,888.375,888.14,888.25,888.5,21313.19616
910.03,883.49,901.81,901.56,901.56,902.06,15074.00853
904.99,883.06,895.955,896.14,895.58,896.33,9493.976857
931.01,893.89,924.26,924.02,924.22,924.3,12173.61852
939.9,892,923.715,923.72,923.71,923.72,21844.1628
928.87,905.99,906.075,905.99,905.99,906.16,9808.193817
927.34,884.2,886.445,886.45,886.44,886.45,20580.09225
899.61,884.2,893.68,893.35,893.46,893.9,10476.7203
917.64,893.49,915.135,915.37,915.12,915.15,9821.65149
922.16,905,916.885,916.7,916.79,916.98,10140.74589
923.99,915.01,919.555,919.43,919.47,919.64,3614.961338
922.99,910.72,912.63,912.55,912.56,912.7,2700.815995
920.89,910.01,917.16,917.36,917.01,917.31,3480.83832
969.4,916.75,966.195,966.2,966.19,966.2,19615.15771
985,960.1,983.635,983.52,983.56,983.71,11349.92981
1010.6,970.1,1007.1,1007,1007,1007.2,17790.84478
1020.5,986.11,1016.65,1016.9,1016.4,1016.9,19029.92893
1040,1001.6,1030.9,1031.1,1030.7,1031.1,17134.09357
1033,995.1,1007,1006.6,1006.7,1007.3,16188.32221
1026.3,1006,1022.4,1022.6,1022,1022.8,8898.684434
1056.4,1021.7,1052.3,1052.1,1052.1,1052.5,15187.02639
1070,1006.5,1048.95,1048.9,1048.9,1049,23105.63125
1078,936.34,984.98,984.99,984.97,984.99,59941.06867
1002,949.36,992.8,992.99,992.61,992.99,24494.98955
1009,984.01,1000.15,1000,1000,1000.3,9318.501284
1005.8,992.33,996.07,996,996,996.14,4349.235768
1004.8,974.22,996.515,996.52,996.51,996.52,9055.110709
1019,988.6,1013.25,1013.3,1013.2,1013.3,12202.30781
1018.2,1002.3,1013.95,1014,1013.9,1014,5608.513861
1045.8,1013.9,1037.25,1038.5,1037.2,1037.3,11242.73277
1067.4,1033.1,1056.95,1056.9,1056.9,1057,16172.94741
1071.1,1053.1,1059.8,1059.8,1059.5,1060.1,7146.109405
1066,1045,1056.25,1056.2,1056.2,1056.3,6437.476475
1110,1040.1,1091.2,1090.9,1090.9,1091.5,13294.76181
1134,1085,1130.4,1129.6,1130,1130.8,24498.36718
1140,1106.4,1125.85,1126.6,1125.5,1126.2,14348.59465
1197,1116.5,1190.15,1190.7,1189.9,1190.4,26149.4192
1222.4,1110,1185.15,1185.2,1185.1,1185.2,48200.52514
1189.9,1131.3,1153.2,1153,1153,1153.4,16261.82898
1186.1,1130.7,1179.2,1178.7,1178.7,1179.7,11081.0954
1204,1170,1195.7,1195.9,1195.4,1196,11831.19391
1216,1176.6,1189.1,1189.1,1189,1189.2,17402.74655
1236.4,1186,1234.8,1234.8,1234.7,1234.9,22560.00165
1285.9,1212,1257.55,1257.4,1257.3,1257.8,30526.80495
1294.9,1256,1289.3,1289.7,1288.9,1289.7,22309.05201
1291.9,1240,1267.25,1267,1267,1267.5,15527.60449
1279.9,1245,1278.45,1278.4,1278.4,1278.5,9315.221673
1287.8,1268,1279.25,1279.2,1279.2,1279.3,9602.858263
1282,1185,1232.35,1232.3,1232.3,1232.4,42009.04882
1243.6,1142.1,1149.35,1150,1149.3,1149.4,46839.64627
1207.6,1136,1190.35,1190.3,1190.3,1190.4,24142.71885
1339.9,958.5,1112.65,1113.4,1112.6,1112.7,104918.8322
1196.6,1101.2,1172.75,1172.1,1172.5,1173,31280.63998
1232.7,1166.8,1224.45,1224.4,1224.4,1224.5,18953.10118
1059,1009.7,1042.85,1042.8,1042.8,1042.9,27459.92906
1122.3,1033.6,1116.55,1116.4,1116.5,1116.6,33610.83424
1116.6,985.55,1029.5,1029.4,1029.3,1029.7,40390.87395
1055,1018,1025.45,1025.6,1025.2,1025.7,19448.00246
1034.6,930,937.245,937.59,936.9,937.59,40100.84331
965,888.2,960.03,960.07,959.99,960.07,47622.26885
1006,950.1,956.35,956.4,956.3,956.4,34994.99109
1042.5,954.3,1035.75,1035.8,1035.7,1035.8,31798.69966
1068.9,1016.2,1042.45,1042.5,1042.4,1042.5,26255.50359
1059,1008.5,1037.6,1037.5,1037.4,1037.8,22457.04335
1053.5,1021.2,1032.85,1032.9,1032.7,1033,23917.33022
1089.4,1031.7,1081.05,1081,1081,1081.1,28196.43895
1106.9,1070,1084.05,1084.1,1084,1084.1,17049.09264
1118.2,1080.9,1109.65,1109.4,1109.5,1109.8,20407.29876
1159.9,1104.4,1154.65,1155,1154.1,1155.2,28782.79662
1165.6,1124,1135.85,1135.9,1135.8,1135.9,22908.55676
1146.7,1111.2,1126.55,1126.6,1126.5,1126.6,21107.73197
1206.4,1126.1,1198.95,1198.9,1198.9,1199,33363.11001
1209,1176.7,1190.95,1191.2,1190.8,1191.1,20850.57356
1202.9,1171,1184.75,1185,1184.5,1185,10912.98658
1226.9,1179.4,1218.2,1218,1218,1218.4,16109.42701
1229.9,1208,1217.95,1218.4,1217.5,1218.4,11897.63294
1244.7,1209.1,1238.8,1238.4,1238.6,1239,9268.715259
1244.3,1221,1225.55,1225.8,1225.3,1225.8,12332.63599
1235.3,1163.3,1189.05,1189,1189,1189.1,19234.25176
1219.2,1182,1208,1207.8,1207.5,1208.5,11480.03945
1215,1191.3,1197.95,1197.9,1197.9,1198,9466.520604
1217.6,1190,1215.15,1215.1,1215.1,1215.2,5119.110127
1247,1202,1238.65,1238.4,1238.4,1238.9,14678.79793
1274.8,1235,1266.15,1267.2,1265.5,1266.8,16602.49335
1272,1254.3,1267.6,1268,1267.3,1267.9,6299.159142
1326.9,1255,1301.85,1301.9,1301.8,1301.9,16745.78243
1333.1,1301.2,1322.2,1322.3,1322.1,1322.3,8110.604546
1354.9,1290,1343.1,1343,1343,1343.2,12268.71145
1359,1336,1345.2,1345.3,1345.1,1345.3,7653.437917
1359.6,1325,1344.3,1344.6,1343.9,1344.7,8120.009281
1378.5,1342.1,1370.2,1370,1370,1370.4,8214.936713
1411.7,1362.3,1404.05,1404,1404,1404.1,11651.33246
1449.7,1392.5,1445.7,1445.6,1445.3,1446.1,10232.70591
1447,1366,1398.95,1398.9,1398.9,1399,13114.24134
1439.5,1398.9,1422.5,1424.2,1421.1,1423.9,9868.755014
1443.7,1400.1,1441.65,1441.7,1441.6,1441.7,8531.03629
1560,1432,1527.55,1527.6,1527.5,1527.6,22317.5659
1604.6,1473,1549.7,1549.7,1549.5,1549.9,16704.96176
1627,1541.9,1612.65,1613,1612.3,1613,17114.90945
1702,1519,1583.9,1586.3,1582.9,1584.9,30321.29509
1665.9,1528.8,1570.5,1571.7,1569.3,1571.7,31196.57167
1605.1,1505,1593.25,1593.7,1592.8,1593.7,16715.25241
1624.2,1575.1,1623.75,1623.6,1623.6,1623.9,12746.06897
1715,1616.2,1698.75,1699,1698.5,1699,20064.44269
1815,1689.2,1769.05,1769,1769,1769.1,31670.05534
1817.4,1722.3,1780.1,1780,1779.8,1780.4,19118.84557
1908.1,1763.6,1857.75,1858.2,1857.4,1858.1,24293.68144
1868.5,1700.2,1769.95,1770,1769.9,1770,21081.95902
1825,1666,1813.95,1814,1813.9,1814,16929.94604
1852.4,1775.2,1815.85,1815.7,1815.7,1816,11353.81135
1830.4,1719,1780.95,1781.8,1780.9,1781,15829.09402
1795.1,1728,1781.65,1781.7,1781.6,1781.7,9777.050533
1894,1766.3,1874.95,1874.9,1874.9,1875,15944.83831
1948,1861,1944.95,1946.1,1943.9,1946,11723.37564
2000,1924.9,1969.65,1970,1969.4,1969.9,23920.61666
2069,1960.1,2067.85,2068,2067.7,2068,21219.21015
2099.1,2000.1,2039.6,2037.9,2038.3,2040.9,17131.75096
2222.2,1981.8,1981.85,1981.9,1981.8,1981.9,54979.7531
2264.2,1978,2227.8,2228,2227.7,2227.9,25237.76081
2444.9,2225.1,2378.55,2379.6,2377.4,2379.7,28763.23657
2690,2250.2,2376.5,2377,2376,2377,49595.71102
2477,2007,2110.25,2113.2,2108.3,2112.2,45454.17822
2210.8,1810,1948.55,1949.9,1943,1954.1,47573.80229
2194.4,1917.5,2030.85,2033,2030.5,2031.2,26069.90021
2249.8,1990,2190.65,2193.4,2190,2191.3,16150.81342
2265,2080.1,2105.6,2106,2105.2,2106,20354.07681
2241,2000,2195.55,2195.6,2195.5,2195.6,22698.13106
2368.2,2180.028761,2287.85,2287.8,2287.8,2287.9,19095.14573
2390,2262.8,2389.95,2390,2389.9,2390,11467.50447
2481.2,2347.6,2476.75,2477.2,2476.4,2477.1,11912.73749
2498,2365,2474.15,2476.2,2472.2,2476.1,11862.21294
2649.5,2472.3,2618.25,2618.91044,2617.5,2619,15069.17423
2899.7,2596.7,2829.1,2828.7,2828.7,2829.5,42863.47286
2850,2600.1,2674.6,2674.8,2673.3,2675.9,21612.69352
2780,2527,2776.15,2775.6,2775.4,2776.9,17385.43907
2849.8,2763.9,2808.55,2808.6,2808.5,2808.6,9590.572118
2890.5,2711.1,2813.55,2814.3,2812.9,2814.2,15375.42671
3003,2791,2934.85,2936.6,2932.6,2937.1,19846.74807
2962.2,2284.4,2543.7,2543.8,2543.6,2543.8,47251.44471
2730,2528.1,2680.95,2681,2680.9,2681,24145.39328
2722.422782,2280,2372,2374.2,2369.5,2374.5,33787.33442
2455,2046,2382.6,2385.2,2380.2,2385,55325.68685
2487,2257.8,2423.75,2423.7,2423.7,2423.8,24032.48946
2635,2368.1,2629.95,2630,2629.9,2630,16108.85988
2640,2420,2479.4,2479.1,2479,2479.8,20567.79054
2593.9,2472.8,2566.8,2568,2565.9,2567.7,13522.69276
2780,2565.7,2746.7,2747.3,2746.1,2747.3,20269.37169
2760,2572.3,2600.35,2601.1,2600,2600.7,24543.2393
2709,2554.8,2675.2,2675,2675,2675.4,15484.26223
2726,2652,2692.25,2692.1,2692.2,2692.3,7851.204547
2700,2452.869207,2485,2485.2,2484.8,2485.2,16835.50147
2595,2368.3,2464.95,2462.2,2462.8,2467.1,18250.09762
2510.4,2258.7,2397.45,2397.5,2397.4,2397.5,33998.13299
2500,2207.8,2496.7,2495.6,2495.6,2497.8,34606.3329
2566.8,2403.2,2512.4,2511.7,2511.7,2513.1,23085.32347
2537.8,2424,2492.6,2490.3,2490.5,2494.7,12903.73041
2511.1,2425.7,2425.95,2426,2425.7,2426.2,9951.054355
2441,2291,2330.6,2330,2330.2,2331,15483.27033
2462.8,2302,2437.15,2437.2,2437.1,2437.2,11942.13818
2587.4,2416.2,2550.75,2550.5,2550.5,2551,16459.28579
2628.6,2511,2560.55,2560.9,2560.3,2560.8,15491.33522
2619,2477.9,2601.15,2601.2,2601.1,2601.2,13858.39203
2607.1,2546,2599.05,2597.5,2599,2599.1,10008.20103
2601.5,2447,2454.05,2453.8,2453.8,2454.3,16598.0959
2542.6,2436.1,2541.85,2541.4,2541.8,2541.9,10785.00978
2555.7,2491,2496.95,2496.9,2496.9,2497,7242.909366
2499.9,2300.2,2312.35,2311.4,2310.8,2313.9,24351.8546
2375,2182,2315.65,2315.6,2315.6,2315.7,36479.9258
2397,2190,2364.9,2364.1,2364.1,2365.7,22238.87666
2400,2293.1,2335.4,2335.7,2335.1,2335.7,18638.31658
2345.6,2138,2202.05,2203,2201.1,2203,27458.42173
2218.9,1975.7,2034.95,2034.9,2034.9,2035,40552.08524
2051.1,1826.2,1949.35,1950,1949.2,1949.5,53266.40299
2196,1903.6,2194.95,2194.9,2194.9,2195,39390.34285
2380.2,2139,2293.15,2295.2,2291.6,2294.7,45484.66173
2400,2213.9,2253.25,2253.3,2253.2,2253.3,35999.4772
2847,2226.3,2841.95,2844.9,2838,2845.9,74227.68613
2922,2615,2697.8,2698,2697.6,2698,66653.29487
2917,2642.8,2836.35,2836,2836,2836.7,35645.03203
2877.5,2655,2729.85,2727.8,2729.3,2730.4,35204.68391
2812,2707.1,2772.15,2772.5,2771.7,2772.6,21145.71222
2790.1,2417,2541.95,2542.1,2541.9,2542,55775.63809
2612,2404,2511.05,2511,2511,2511.1,32960.7668
2679.7,2503.208416,2679.65,2679.5,2679.6,2679.7,31654.75087
2820,2651,2787.45,2787.5,2787.4,2787.5,41395.61222
2800,2662,2699.15,2699,2698.9,2699.4,23981.38
2760,2582.9,2730.8,2730,2730.3,2731.3,34478.91048
2883.5,2694.4,2848.05,2848,2848,2848.1,28480.80078
2902.2,2604,2706.05,2706,2706,2706.1,42472.74622
2758,2610,2689.05,2689.2,2689,2689.1,23326.72116
2820,2673.4,2804.95,2804.9,2804.9,2805,17103.84048
2876,2762.1,2853.95,2854,2853.9,2854,18816.30228
3339.5,2842.8,3235.2,3234.7,3234.7,3235.7,50677.69132
3315.5,3155.8,3251.45,3250.2,3250.4,3252.5,16512.75892
3440,3190,3387.75,3388,3387.5,3388,24367.22558
3483.8,3340,3450.55,3450.7,3450.5,3450.6,32193.96428
3451.2,3235.1,3293.1,3292.3,3292.8,3293.4,26244.01119
3447,3295.1,3425.55,3425.6,3425.5,3425.6,19261.00935
3675.3,3380,3664,3663.2,3663.2,3664.8,24799.11082
3970.1,3589.5,3834.5,3834.6,3834.4,3834.6,38993.85991
4190,3810,4109.25,4109,4109,4109.5,48187.09885
4320,3951,4247.95,4247.9,4247.9,4248,33609.0878
4430,3832.5,4182.15,4182.1,4182.1,4182.2,64693.06034
4380,3925.1,4324.85,4324.7,4324.7,4325,34444.21473
4492.3,4152,4311.7,4315.2,4308.4,4315,41233.30559
4360,3954,4105.5,4101.5,4103,4108,46468.29259
4187,3907,4154.95,4154.5,4154.6,4155.3,41679.52124
4199.9,4045.5,4139.95,4139.9,4139.9,4140,23204.37489
4140.4,3951,4009.1,4007.7,4007.7,4010.5,28694.08692
4141.9,3599,4038.05,4038,4038,4038.1,61237.38743
4255.2,4014.5,4143.4,4143.2,4143.3,4143.5,28280.67393
4340.7,4089.9,4331.15,4331.2,4331.1,4331.2,20289.48296
4464.2,4250,4363.85,4363.8,4363.8,4363.9,29633.62498
4364,4240.7,4339.05,4337.6,4337.8,4340.3,15042.39919
4406.7,4304.4,4338,4338,4337.9,4338.1,11298.84715
4395.5,4175,4369.95,4369.9,4369.9,4370,21264.29485
4648.8,4325.1,4602.75,4602.7,4602.7,4602.8,32433.72044
4643,4481,4571.25,4571.5,4571.2,4571.3,17221.66044
4749.9,4566.9,4725.75,4725.7,4725.7,4725.8,18426.10566
4936.9,4660,4863.85,4863.8,4863.8,4863.9,28435.74499
4970,4400.1,4435.75,4435.8,4435.7,4435.8,54498.39083
4699.9,4331,4562.95,4563,4562.9,4563,34156.0387
4621,4052,4250.15,4250.1,4250.1,4250.2,57641.41472
4448,3900.1,4447.95,4448,4447.9,4448,57557.78834
4633.7,4352.4,4609.85,4614.4,4605.1,4614.6,40566.83652
4675,4455.1,4619.3,4622,4616.1,4622.5,23309.31323
4694.9,4105,4311.4,4314.7,4308.1,4314.7,59983.42828
4395.2,4151,4339.25,4338.5,4338.5,4340,31851.21745
4349.9,3974.1,4262.65,4262.7,4262.6,4262.7,45285.89734
4383.2,4123,4208.45,4208.5,4208.4,4208.5,31850.72374
4379,4050,4168.3,4169.5,4167.1,4169.5,39448.5309
4169.7,3731.7,3935.35,3935.1,3935.1,3935.6,70069.04967
3936,3258,3297.9,3296.6,3296.8,3299,123047.8488
3809,2980.4,3742.6,3741.4,3741.3,3743.9,187869.1866
3875,3511.1,3710.95,3710.6,3710.8,3711.1,71755.89433
3782,3465.1,3701.1,3701,3700.9,3701.3,37076.77951
4119,3645.5,4048.95,4049,4048,4049.9,58980.8089
4114,3836.2,3917,3917.7,3916.8,3917.2,47806.46753
4049,3829,3948.95,3949,3948.9,3949,30525.23067
3958.1,3560,3620.15,3620.1,3620.1,3620.2,59077.78403
3748,3490,3604.4,3604.1,3604.1,3604.7,50152.06383
3808.7,3555,3751.25,3751.8,3750.6,3751.9,25229.41857
3785.7,3615.5,3680.65,3681,3680.6,3680.7,21618.7665
3977,3652,3924.4,3924.5,3924.3,3924.5,39622.86583
3985,3838,3885.85,3886,3885.8,3885.9,21715.63474
4220,3860.7,4196.25,4196.1,4196.2,4196.3,47356.49945
4269,4120,4180.05,4180.1,4180,4180.1,37736.70531
4245,4024.4,4162.65,4162.6,4162.6,4162.7,38770.3243
4397,4140,4363.6,4364.5,4363.5,4363.7,31863.15127
4424,4248.6,4406.7,4407,4406.4,4407,27208.64652
4482,4359,4374.1,4374.1,4373.3,4374.9,29947.91702
4439.9,4210.1,4308.7,4310,4307.3,4310.1,28192.47179
4359.2,4174.3,4222.05,4222.1,4222,4222.1,26924.77063
4364.7,4133,4359.85,4359.7,4359.8,4359.9,24144.66919
4425.8,4282.2,4351.95,4352,4351.9,4352,26874.43065
4505,4309,4465.25,4465.9,4465.1,4465.4,15906.35535
4627.9,4416.3,4627.1,4627.1,4627,4627.2,30946.7142
4879.8,4551,4752.25,4752.2,4752.2,4752.3,48581.82621
4940,4750,4790.85,4790.9,4790.8,4790.9,40842.55404
4881.4,4715,4815.1,4815,4815,4815.2,31848.43264
5419.8,4810.4,5327.15,5312.6,5326.3,5328,76109.49989
5920,5312.6,5644.5,5644.1,5643.1,5645.9,101794.5823
5784.8,5564.3,5749.95,5749.9,5749.9,5750,34331.79082
5877,5450,5715.95,5718.2,5715.9,5716,56987.01129
5771,5570,5714.95,5715,5714.9,5715,32246.56879
5810,5511,5554.95,5555,5554.9,5555,34328.91571
5613,5114,5582.8,5582.9,5582.5,5583.1,68519.95534
5744,5505.5,5709.35,5709.3,5709.3,5709.4,38897.36963
6088.4,5603.3,6004.1,6004.9,6003.3,6004.9,60815.136
6199.9,5862.8,6075.25,6075.2,6075.2,6075.3,52947.31422
6075.3,5705,5912.7,5910,5910,5915.4,49787.05345
6055,5621,5880.15,5889.1,5880.1,5880.2,66996.60056
5933,5457.4,5492.5,5491,5491,5494,65545.43406
5697.1,5365.3,5664.95,5665,5664.9,5665,43115.38722
5966.6,5626.4,5876.15,5876.2,5876.1,5876.2,44746.79047
6020,5681,5771.75,5771.8,5771.7,5771.8,40163.54169
5864,5632,5738.7,5740,5737.8,5739.6,26543.28715
6345,5660,6184.55,6184.6,6184.5,6184.6,60176.6029
6239,6006.2,6094.5,6094,6094.1,6094.9,34779.08192
6450,6082.5,6386.6,6387.4,6386.1,6387.1,37270.00122
6676,6344.5,6659.05,6659.1,6659,6659.1,56301.83596
7350,6625.6,6989.65,6987.7,6989.6,6989.7,98593.85676
7448,6820,7247.25,7247.2,7247.2,7247.3,63495.49522
7530,6930.1,7379.35,7379.4,7379.3,7379.4,48163.07988
7598,7272,7329.35,7321.8,7327.7,7331,44704.418
7440,6911,6955.7,6956.5,6954.9,6956.5,63254.49195
7220,6948,7102.05,7102,7102,7102.1,37539.62435
7899.9,6977.4,7447.9,7447,7446.2,7449.6,97308.03649
7450,7000,7126.45,7126.4,7126.4,7126.5,50138.92451
7324,6405,6544.3,6541.2,6541.2,6547.4,88416.47311
6789,6163.2,6301.05,6302.7,6299.2,6302.9,72841.28595
6469.6,5400.2,5819.35,5810.7,5819.3,5819.4,172712.4711
6682,5780,6477.55,6476.5,6475.5,6479.6,110413.1396
6689.5,6301,6589.95,6590,6589.9,6590,49485.36584
7319,6589.9,7269.1,7265.840952,7265.9,7272.3,71614.83498
8020,7091,7866.3,7864.2,7865.4,7867.2,85876.3871
8040,7505,7674.95,7675.9,7674.1,7675.8,75935.97736
7867.8,7412,7773.25,7773.3,7773.2,7773.3,40707.79312
8130,7650,8051.45,8050.7,8050.5,8052.4,39114.74949
8315,7925,8249.35,8248.8,8248.8,8249.9,38281.50492
8380,7755.6,8080.85,8079.3,8079.1,8082.6,71851.27391
8310,8055,8230.05,8230,8230,8230.1,28858.50316
8268,7970,7981.55,7985.4,7977.7,7985.4,32136.41713
8352.1,7871,8191.3,8191.6,8190.9,8191.7,42835.27412
9495,8746.9,9302.1,9303,9301.7,9302.5,67604.58822
9771,9231,9725.65,9725.9,9725.6,9725.7,66628.42582
9999,9580.8,9892.35,9894.9,9889.8,9894.9,47105.8203
11441,9000,9775.3,9772,9772,9778.6,182875.1718
10542,8801,9907.05,9907.1,9907,9907.1,129048.938
10950,9370.1,10860.5,10860,10860,10861,84145.00729
11190,10621,10876.5,10876,10876,10877,49703.48541
11874,10161,11161.5,11161,11161,11162,93064.05355
11600,10718,11598.5,11599,11598,11599,63775.26848
11961,11405,11591.5,11590,11591,11592,48911.13861
13599,11590,13508,13503,13507,13509,83642.06608
16649,13139,16610,16607,16608,16612,141225.6929
17171,13722,15833,15816.78052,15822,15844,124036.2096
16300,13010,14660.5,14660,14660,14661,77819.74691
15741,12730.63686,14932,14937,14926,14938,107145.646
